qseqid,sseqid,pident,length,sstart,send,slen,evalue,bitscore,cluster_id
Hannah_Begonia_baits-ACmerged_contig_10054,scaffold11,97.572,906,43900772,43901677,46644841,0.0,1550,1
Hannah_Begonia_baits-ACmerged_contig_10054,scaffold11,98.462,65,43901941,43902005,46644841,2.5699999999999998e-23,115,1
Hannah_Begonia_baits-ACmerged_contig_10054,scaffold11,97.315,149,43902069,43902217,46644841,5.23e-65,254,1
Hannah_Begonia_baits-ACmerged_contig_10054,scaffold11,100.0,60,43902295,43902354,46644841,3.33e-22,111,1
Hannah_Begonia_baits-ACmerged_contig_10054,scaffold11,100.0,63,43902442,43902504,46644841,7.15e-24,117,1
Hannah_Begonia_baits-ACmerged_contig_10054,scaffold11,98.718,78,43902578,43902655,46644841,1.53e-30,139,1
Hannah_Begonia_baits-ACmerged_contig_10054,scaffold11,96.97,132,43902795,43902925,46644841,5.2999999999999996e-55,220,1
Hannah_Begonia_baits-ACmerged_contig_10054,scaffold11,97.581,124,43903323,43903446,46644841,8.87e-53,213,1
Hannah_Begonia_baits-ACmerged_contig_1011,scaffold1,99.257,269,6655561,6655293,84930515,2.89e-135,486,2
Hannah_Begonia_baits-ACmerged_contig_1011,scaffold1,97.38,229,6655088,6655316,84930515,8.39e-106,388,2
Hannah_Begonia_baits-ACmerged_contig_1011,scaffold1,100.0,272,6657182,6656911,84930515,2.8699999999999997e-140,503,2
Hannah_Begonia_baits-ACmerged_contig_1011,scaffold1,98.664,524,6657838,6657315,84930515,0.0,929,2
Hannah_Begonia_baits-ACmerged_contig_10412,scaffold14,96.212,264,35877932,35877669,45922387,3.54e-119,433,3
Hannah_Begonia_baits-ACmerged_contig_10412,scaffold14,99.225,129,35878679,35878551,45922387,3.8600000000000003e-59,233,3
Hannah_Begonia_baits-ACmerged_contig_10412,scaffold14,99.115,113,35880499,35880387,45922387,3.03e-50,204,3
Hannah_Begonia_baits-ACmerged_contig_10412,scaffold14,100.0,84,35880662,35880579,45922387,8.59e-36,156,3
Hannah_Begonia_baits-ACmerged_contig_10412,scaffold14,97.59,498,35881807,35881312,45922387,0.0,846,3
Hannah_Begonia_baits-ACmerged_contig_1065,scaffold2,98.98,98,49016153,49016250,56708189,7.489999999999999e-42,176,4
Hannah_Begonia_baits-ACmerged_contig_1065,scaffold2,100.0,138,49016427,49016564,56708189,9.350000000000001e-66,255,4
Hannah_Begonia_baits-ACmerged_contig_1065,scaffold2,98.387,62,49017168,49017229,56708189,7.7e-22,110,4
Hannah_Begonia_baits-ACmerged_contig_1065,scaffold2,100.0,79,49017329,49017407,56708189,5.87e-33,147,4
Hannah_Begonia_baits-ACmerged_contig_1065,scaffold2,99.375,160,49017662,49017821,56708189,2.56e-76,291,4
Hannah_Begonia_baits-ACmerged_contig_1065,scaffold2,97.71,131,49017902,49018032,56708189,7.33e-57,226,4
Hannah_Begonia_baits-ACmerged_contig_1065,scaffold2,99.259,135,49018196,49018330,56708189,2.02e-62,244,4
Hannah_Begonia_baits-ACmerged_contig_1065,scaffold2,100.0,130,49018422,49018551,56708189,2.6199999999999997e-61,241,4
Hannah_Begonia_baits-ACmerged_contig_1065,scaffold2,98.182,110,49018694,49018803,56708189,7.440000000000001e-47,193,4
Hannah_Begonia_baits-ACmerged_contig_1065,scaffold2,100.0,79,49018887,49018965,56708189,5.87e-33,147,4
Hannah_Begonia_baits-ACmerged_contig_1065,scaffold2,98.63,73,49019061,49019133,56708189,5.91e-28,130,4
Hannah_Begonia_baits-ACmerged_contig_1065,scaffold2,99.435,177,49019263,49019439,56708189,9.09e-86,322,4
Hannah_Begonia_baits-ACmerged_contig_1065,scaffold6,95.385,130,51321317,51321188,52559209,2.66e-51,207,5
Hannah_Begonia_baits-ACmerged_contig_1065,scaffold6,95.0,160,51322060,51321901,52559209,1.21e-64,252,5
Hannah_Begonia_baits-ACmerged_contig_10858,scaffold12,95.097,673,7224468,7225134,46145620,0.0,1051,6
Hannah_Begonia_baits-ACmerged_contig_10858,scaffold12,100.0,399,7226210,7226608,46145620,0.0,737,6
Hannah_Begonia_baits-ACmerged_contig_10858,scaffold12,98.251,343,7226857,7227199,46145620,1.1300000000000001e-169,601,6
Hannah_Begonia_baits-ACmerged_contig_10858,scaffold12,95.089,672,8274842,8275507,46145620,0.0,1050,6
Hannah_Begonia_baits-ACmerged_contig_10858,scaffold12,100.0,399,8276602,8277000,46145620,0.0,737,6
Hannah_Begonia_baits-ACmerged_contig_10858,scaffold12,98.251,343,8277248,8277590,46145620,1.1300000000000001e-169,601,6
Hannah_Begonia_baits-ACmerged_contig_10867,scaffold1,95.876,194,73997647,73997455,84930515,5.19e-83,313,7
Hannah_Begonia_baits-ACmerged_contig_10867,scaffold1,95.876,194,73998485,73998293,84930515,5.19e-83,313,7
Hannah_Begonia_baits-ACmerged_contig_10867,scaffold1,97.973,148,74000514,74000367,84930515,2.47e-66,257,7
Hannah_Begonia_baits-ACmerged_contig_10867,scaffold1,96.97,66,74000655,74000591,84930515,7.31e-22,110,7
Hannah_Begonia_baits-ACmerged_contig_10867,scaffold1,97.5,120,74001603,74001484,84930515,9.06e-51,206,7
Hannah_Begonia_baits-ACmerged_contig_10867,scaffold1,96.768,495,74002410,74001918,84930515,0.0,822,7
Hannah_Begonia_baits-ACmerged_contig_10867,scaffold4,96.491,114,4750836,4750948,53895534,3.28e-45,187,8
Hannah_Begonia_baits-ACmerged_contig_10984,scaffold8,98.222,450,46731399,46731848,51801790,0.0,787,9
Hannah_Begonia_baits-ACmerged_contig_10984,scaffold8,100.0,172,46732024,46732195,51801790,1.54e-84,318,9
Hannah_Begonia_baits-ACmerged_contig_10984,scaffold8,98.851,174,46732372,46732545,51801790,2.5799999999999998e-82,311,9
Hannah_Begonia_baits-ACmerged_contig_10984,scaffold8,98.319,119,46732620,46732738,51801790,9.69e-52,209,9
Hannah_Begonia_baits-ACmerged_contig_10984,scaffold8,95.431,197,46732811,46733007,51801790,2e-83,315,9
Hannah_Begonia_baits-ACmerged_contig_10984,scaffold8,99.2,125,46733092,46733216,51801790,9.62e-57,226,9
Hannah_Begonia_baits-ACmerged_contig_10984,scaffold8,96.203,79,46733291,46733369,51801790,7.76e-28,130,9
Hannah_Begonia_baits-ACmerged_contig_10984,scaffold8,95.949,469,46733452,46733920,51801790,0.0,760,9
Hannah_Begonia_baits-ACmerged_contig_10985,scaffold8,97.731,573,46515559,46514987,51801790,0.0,987,10
Hannah_Begonia_baits-ACmerged_contig_10985,scaffold8,96.407,334,46517420,46517087,51801790,1.96e-153,547,10
Hannah_Begonia_baits-ACmerged_contig_10985,scaffold8,98.842,518,46520557,46520040,51801790,0.0,924,10
Hannah_Begonia_baits-ACmerged_contig_10985,scaffold8,100.0,76,46521347,46521272,51801790,3.88e-31,141,10
Hannah_Begonia_baits-ACmerged_contig_10985,scaffold8,97.674,129,46521926,46521798,51801790,1.35e-55,222,10
Hannah_Begonia_baits-ACmerged_contig_10985,scaffold8,97.059,68,46526451,46526384,51801790,2.3499999999999997e-23,115,10
Hannah_Begonia_baits-ACmerged_contig_11154,scaffold10,100.0,58,291257,291314,49116582,2.8400000000000003e-21,108,11
Hannah_Begonia_baits-ACmerged_contig_11154,scaffold10,99.225,129,291384,291512,49116582,4.5e-59,233,11
Hannah_Begonia_baits-ACmerged_contig_11154,scaffold10,97.297,148,291606,291753,49116582,1.24e-64,252,11
Hannah_Begonia_baits-ACmerged_contig_11154,scaffold10,98.45,129,291865,291993,49116582,2.0900000000000001e-57,228,11
Hannah_Begonia_baits-ACmerged_contig_11154,scaffold10,97.345,113,292098,292209,49116582,2.75e-46,191,11
Hannah_Begonia_baits-ACmerged_contig_11154,scaffold10,100.0,62,292513,292574,49116582,1.6999999999999997e-23,115,11
Hannah_Begonia_baits-ACmerged_contig_1190,scaffold6,95.668,277,51953744,51954020,52559209,2.37e-121,442,12
Hannah_Begonia_baits-ACmerged_contig_1190,scaffold6,96.646,3667,51954127,51957791,52559209,0.0,6080,12
Hannah_Begonia_baits-ACmerged_contig_1190,scaffold6,96.034,706,51957778,51958483,52559209,0.0,1147,12
Hannah_Begonia_baits-ACmerged_contig_1195,scaffold14,97.51,241,40341347,40341587,45922387,6.75e-113,412,13
Hannah_Begonia_baits-ACmerged_contig_1195,scaffold14,97.638,127,40342692,40342818,45922387,1.58e-54,219,13
Hannah_Begonia_baits-ACmerged_contig_1195,scaffold14,98.78,82,40342907,40342988,45922387,7.56e-33,147,13
Hannah_Begonia_baits-ACmerged_contig_1195,scaffold14,99.401,167,40343067,40343233,45922387,4.24e-80,303,13
Hannah_Begonia_baits-ACmerged_contig_1195,scaffold14,97.59,83,40343428,40343510,45922387,9.780000000000001e-32,143,13
Hannah_Begonia_baits-ACmerged_contig_1195,scaffold14,98.824,85,40343612,40343696,45922387,1.6199999999999998e-34,152,13
Hannah_Begonia_baits-ACmerged_contig_1195,scaffold14,100.0,69,40343959,40344027,45922387,2.7400000000000002e-27,128,13
Hannah_Begonia_baits-ACmerged_contig_1195,scaffold14,100.0,67,40344129,40344195,45922387,3.5400000000000003e-26,124,13
Hannah_Begonia_baits-ACmerged_contig_1195,scaffold14,100.0,95,40348552,40348646,45922387,9.64e-42,176,13
Hannah_Begonia_baits-ACmerged_contig_1195,scaffold14,100.0,130,40348913,40349042,45922387,3.3699999999999995e-61,241,13
Hannah_Begonia_baits-ACmerged_contig_1195,scaffold14,100.0,140,40349159,40349298,45922387,9.31e-67,259,13
Hannah_Begonia_baits-ACmerged_contig_1195,scaffold14,98.0,100,40350030,40350129,45922387,3.47e-41,174,13
Hannah_Begonia_baits-ACmerged_contig_1195,scaffold14,98.592,71,40350226,40350296,45922387,9.850000000000001e-27,126,13
Hannah_Begonia_baits-ACmerged_contig_1195,scaffold14,97.095,241,40858216,40858456,45922387,3.14e-111,407,13
Hannah_Begonia_baits-ACmerged_contig_1195,scaffold14,97.638,127,40859466,40859592,45922387,1.58e-54,219,13
Hannah_Begonia_baits-ACmerged_contig_1195,scaffold14,97.638,127,40860439,40860565,45922387,1.58e-54,219,13
Hannah_Begonia_baits-ACmerged_contig_1195,scaffold14,97.561,82,40860654,40860735,45922387,3.52e-31,141,13
Hannah_Begonia_baits-ACmerged_contig_1195,scaffold14,98.802,167,40860814,40860980,45922387,1.97e-78,298,13
Hannah_Begonia_baits-ACmerged_contig_1195,scaffold14,97.59,83,40861152,40861234,45922387,9.780000000000001e-32,143,13
Hannah_Begonia_baits-ACmerged_contig_1195,scaffold14,98.824,85,40861336,40861420,45922387,1.6199999999999998e-34,152,13
Hannah_Begonia_baits-ACmerged_contig_1195,scaffold14,100.0,69,40861683,40861751,45922387,2.7400000000000002e-27,128,13
Hannah_Begonia_baits-ACmerged_contig_1195,scaffold14,100.0,67,40861842,40861908,45922387,3.5400000000000003e-26,124,13
Hannah_Begonia_baits-ACmerged_contig_1195,scaffold14,100.0,95,40873320,40873414,45922387,9.64e-42,176,13
Hannah_Begonia_baits-ACmerged_contig_1195,scaffold14,96.503,143,40873668,40873810,45922387,4.36e-60,237,13
Hannah_Begonia_baits-ACmerged_contig_1195,scaffold14,99.286,140,40873927,40874066,45922387,4.33e-65,254,13
Hannah_Begonia_baits-ACmerged_contig_1195,scaffold14,100.0,100,40874795,40874894,45922387,1.6e-44,185,13
Hannah_Begonia_baits-ACmerged_contig_1195,scaffold14,98.592,71,40874994,40875064,45922387,9.850000000000001e-27,126,13
Hannah_Begonia_baits-ACmerged_contig_13865,scaffold9,97.122,139,32530069,32529932,49791573,3.6100000000000003e-59,233,14
Hannah_Begonia_baits-ACmerged_contig_13865,scaffold9,97.122,139,46834099,46834236,49791573,3.6100000000000003e-59,233,15
Hannah_Begonia_baits-ACmerged_contig_13942,scaffold1,95.886,316,82667966,82667651,84930515,3.26e-142,510,16
Hannah_Begonia_baits-ACmerged_contig_13942,scaffold1,96.97,99,82668139,82668041,84930515,2.93e-38,165,16
Hannah_Begonia_baits-ACmerged_contig_13942,scaffold1,96.032,126,82668341,82668218,84930515,6.2e-50,204,16
Hannah_Begonia_baits-ACmerged_contig_13942,scaffold1,97.508,321,82669177,82668857,84930515,2.49e-153,547,16
Hannah_Begonia_baits-ACmerged_contig_13942,scaffold1,99.048,105,82669354,82669250,84930515,1.74e-45,189,16
Hannah_Begonia_baits-ACmerged_contig_13942,scaffold1,98.614,433,82669851,82669419,84930515,0.0,767,16
Hannah_Begonia_baits-ACmerged_contig_13942,scaffold1,97.638,762,82670687,82669927,84930515,0.0,1306,16
Hannah_Begonia_baits-ACmerged_contig_14003,scaffold14,97.248,109,33041169,33041276,45922387,6.64e-44,183,17
Hannah_Begonia_baits-ACmerged_contig_14003,scaffold14,100.0,80,33041350,33041429,45922387,2.42e-33,148,17
Hannah_Begonia_baits-ACmerged_contig_14003,scaffold14,99.379,161,33041723,33041883,45922387,1.06e-76,292,17
Hannah_Begonia_baits-ACmerged_contig_14003,scaffold14,98.876,89,33042536,33042624,45922387,1.12e-36,159,17
Hannah_Begonia_baits-ACmerged_contig_14003,scaffold14,98.35,303,33042766,33043068,45922387,5.72e-149,532,17
Hannah_Begonia_baits-ACmerged_contig_14003,scaffold14,98.874,1243,33043311,33044553,45922387,0.0,2218,17
Hannah_Begonia_baits-ACmerged_contig_14583,scaffold4,98.506,1539,6418313,6416780,53895534,0.0,2708,18
Hannah_Begonia_baits-ACmerged_contig_14599,scaffold7,98.889,90,42223169,42223080,52515067,2.1300000000000003e-37,161,19
Hannah_Begonia_baits-ACmerged_contig_14599,scaffold7,96.429,420,42224554,42224138,52515067,0.0,689,19
Hannah_Begonia_baits-ACmerged_contig_14599,scaffold7,97.479,357,42225062,42224706,52515067,1.76e-172,610,19
Hannah_Begonia_baits-ACmerged_contig_14599,scaffold7,95.074,203,42225808,42225606,52515067,3.32e-85,320,19
Hannah_Begonia_baits-ACmerged_contig_14599,scaffold7,97.36,303,42226198,42225896,52515067,3.9400000000000005e-144,516,19
Hannah_Begonia_baits-ACmerged_contig_1474,scaffold7,98.107,317,5369022,5368706,52515067,2.2e-155,553,20
Hannah_Begonia_baits-ACmerged_contig_1474,scaffold7,96.703,182,5368566,5368747,52515067,2.45e-80,303,20
Hannah_Begonia_baits-ACmerged_contig_1474,scaffold7,100.0,270,5370197,5369928,52515067,2.9099999999999998e-139,499,20
Hannah_Begonia_baits-ACmerged_contig_1474,scaffold7,98.765,243,5370673,5370431,52515067,2.9899999999999997e-119,433,20
Hannah_Begonia_baits-ACmerged_contig_14982,scaffold11,96.721,122,6230236,6230357,46644841,1.67e-50,204,21
Hannah_Begonia_baits-ACmerged_contig_14982,scaffold11,97.446,509,6230456,6230964,46644841,0.0,869,21
Hannah_Begonia_baits-ACmerged_contig_15365,scaffold1,99.374,479,3681103,3681581,84930515,0.0,869,22
Hannah_Begonia_baits-ACmerged_contig_15365,scaffold1,97.531,81,3684099,3684179,84930515,5.86e-31,139,22
Hannah_Begonia_baits-ACmerged_contig_1641,scaffold2,98.864,704,54648998,54648295,56708189,0.0,1256,23
Hannah_Begonia_baits-ACmerged_contig_1641,scaffold2,98.664,1422,54650595,54649174,56708189,0.0,2521,23
Hannah_Begonia_baits-ACmerged_contig_16725,scaffold5,97.071,239,53209223,53209460,53633373,2.55e-110,401,24
Hannah_Begonia_baits-ACmerged_contig_16725,scaffold5,100.0,86,53210331,53210416,53633373,1.69e-37,159,24
Hannah_Begonia_baits-ACmerged_contig_16929,scaffold10,95.69,116,11575863,11575748,49116582,6.11e-44,183,25
Hannah_Begonia_baits-ACmerged_contig_16929,scaffold10,98.202,1724,11574318,11576032,49116582,0.0,3003,25
Hannah_Begonia_baits-ACmerged_contig_17065,scaffold1,99.068,322,4160186,4159865,84930515,3.48e-163,579,26
Hannah_Begonia_baits-ACmerged_contig_17065,scaffold1,99.071,646,4161157,4160512,84930515,0.0,1160,26
Hannah_Begonia_baits-ACmerged_contig_17462,scaffold5,97.608,209,49468217,49468009,53633373,5.23e-96,355,27
Hannah_Begonia_baits-ACmerged_contig_17462,scaffold5,98.498,333,49469123,49468791,53633373,1.71e-165,586,27
Hannah_Begonia_baits-ACmerged_contig_17462,scaffold5,98.897,272,49469592,49469321,53633373,1.7799999999999998e-135,486,27
Hannah_Begonia_baits-ACmerged_contig_17577,scaffold9,95.652,92,48375089,48374998,49791573,2.86e-33,148,28
Hannah_Begonia_baits-ACmerged_contig_17577,scaffold9,97.604,2254,48374784,48377013,49791573,0.0,3842,28
Hannah_Begonia_baits-ACmerged_contig_17799,scaffold12,98.071,985,27752269,27751286,46145620,0.0,1711,29
Hannah_Begonia_baits-ACmerged_contig_17799,scaffold12,97.934,242,27752243,27752484,46145620,2.85e-115,420,29
Hannah_Begonia_baits-ACmerged_contig_18436,scaffold14,100.0,58,2344387,2344330,45922387,2.29e-21,108,30
Hannah_Begonia_baits-ACmerged_contig_18436,scaffold14,100.0,105,2344878,2344774,45922387,1.71e-47,195,30
Hannah_Begonia_baits-ACmerged_contig_18436,scaffold14,97.183,213,2345654,2345443,45922387,2.06e-96,357,30
Hannah_Begonia_baits-ACmerged_contig_18436,scaffold14,98.333,240,2346793,2346554,45922387,7.22e-116,422,30
Hannah_Begonia_baits-ACmerged_contig_18436,scaffold14,98.54,137,2347726,2347591,45922387,2.1699999999999998e-61,241,30
Hannah_Begonia_baits-ACmerged_contig_18436,scaffold14,100.0,64,2349259,2349196,45922387,1.06e-24,119,30
Hannah_Begonia_baits-ACmerged_contig_18436,scaffold14,98.561,139,2350527,2350389,45922387,4.66e-63,246,30
Hannah_Begonia_baits-ACmerged_contig_18436,scaffold14,100.0,150,2351230,2351081,45922387,1.65e-72,278,30
Hannah_Begonia_baits-ACmerged_contig_1948,scaffold5,97.297,222,53456879,53456658,53633373,3.02e-102,377,31
Hannah_Begonia_baits-ACmerged_contig_1948,scaffold5,98.732,710,53457660,53456951,53633373,0.0,1262,31
Hannah_Begonia_baits-ACmerged_contig_1948,scaffold5,97.423,815,53458549,53457738,53633373,0.0,1386,31
Hannah_Begonia_baits-ACmerged_contig_1948,scaffold5,98.034,356,53459013,53458658,53633373,4.5499999999999997e-175,619,31
Hannah_Begonia_baits-ACmerged_contig_2022,scaffold13,99.13,920,42344061,42343142,46025341,0.0,1655,32
Hannah_Begonia_baits-ACmerged_contig_2123,scaffold11,99.123,114,10883353,10883466,46644841,1.23e-50,206,33
Hannah_Begonia_baits-ACmerged_contig_2123,scaffold11,97.436,117,10883720,10883604,46644841,5.7300000000000004e-49,200,33
Hannah_Begonia_baits-ACmerged_contig_2123,scaffold11,99.329,298,10884428,10884131,46644841,2.97e-151,540,33
Hannah_Begonia_baits-ACmerged_contig_2123,scaffold11,96.46,113,10885001,10884889,46644841,4.4599999999999996e-45,187,33
Hannah_Begonia_baits-ACmerged_contig_2123,scaffold11,97.822,505,10885586,10885082,46644841,0.0,872,33
Hannah_Begonia_baits-ACmerged_contig_2123,scaffold11,98.944,284,10886137,10885854,46644841,8.38e-142,508,33
Hannah_Begonia_baits-ACmerged_contig_2123,scaffold11,96.732,153,10886368,10886217,46644841,4.33e-65,254,33
Hannah_Begonia_baits-ACmerged_contig_2123,scaffold11,98.058,103,10886589,10886487,46644841,2.6799999999999996e-42,178,33
Hannah_Begonia_baits-ACmerged_contig_21365,scaffold1,98.34,241,2527927,2527687,84930515,1.95e-116,424,34
Hannah_Begonia_baits-ACmerged_contig_21365,scaffold1,98.611,216,2527712,2527927,84930515,3.2999999999999994e-104,383,34
Hannah_Begonia_baits-ACmerged_contig_21365,scaffold1,100.0,204,2528207,2528004,84930515,1.54e-102,377,34
Hannah_Begonia_baits-ACmerged_contig_21365,scaffold1,100.0,183,2528941,2528759,84930515,7.259999999999999e-91,339,34
Hannah_Begonia_baits-ACmerged_contig_21365,scaffold1,99.024,205,2529902,2529698,84930515,9.25e-100,368,34
Hannah_Begonia_baits-ACmerged_contig_21688,scaffold11,97.603,1210,2133464,2132255,46644841,0.0,2073,35
Hannah_Begonia_baits-ACmerged_contig_21869,scaffold1,98.571,700,79741644,79740945,84930515,0.0,1238,36
Hannah_Begonia_baits-ACmerged_contig_21869,scaffold1,98.438,448,79742502,79742055,84930515,0.0,789,36
Hannah_Begonia_baits-ACmerged_contig_22419,scaffold7,97.531,162,7560925,7560764,52515067,1.8300000000000001e-72,278,37
Hannah_Begonia_baits-ACmerged_contig_2245,scaffold4,98.467,261,7259517,7259777,53895534,2.64e-127,460,38
Hannah_Begonia_baits-ACmerged_contig_2245,scaffold4,97.209,215,7259865,7260078,53895534,7.669999999999999e-98,363,38
Hannah_Begonia_baits-ACmerged_contig_2245,scaffold4,99.048,105,7260337,7260441,53895534,1.38e-45,189,38
Hannah_Begonia_baits-ACmerged_contig_2245,scaffold4,99.465,187,7260542,7260728,53895534,3.59e-91,340,38
Hannah_Begonia_baits-ACmerged_contig_2245,scaffold4,99.138,116,7260817,7260932,53895534,1.06e-51,209,38
Hannah_Begonia_baits-ACmerged_contig_2245,scaffold4,98.925,186,7261005,7261190,53895534,6.009999999999999e-89,333,38
Hannah_Begonia_baits-ACmerged_contig_2245,scaffold4,99.545,220,7261267,7261486,53895534,1.6300000000000001e-109,401,38
Hannah_Begonia_baits-ACmerged_contig_2245,scaffold4,97.778,315,7261716,7262030,53895534,2.5499999999999998e-152,544,38
Hannah_Begonia_baits-ACmerged_contig_2392,scaffold1,95.942,764,83781707,83780951,84930515,0.0,1230,39
Hannah_Begonia_baits-ACmerged_contig_2396,scaffold5,95.411,523,9997056,9997573,53633373,0.0,828,40
Hannah_Begonia_baits-ACmerged_contig_2396,scaffold5,96.667,120,9997844,9997963,53633373,7.19e-49,200,40
Hannah_Begonia_baits-ACmerged_contig_2396,scaffold5,98.058,103,9998642,9998744,53633373,9.360000000000001e-43,180,40
Hannah_Begonia_baits-ACmerged_contig_2396,scaffold5,98.261,230,9999548,9999777,53633373,5.1e-110,403,40
Hannah_Begonia_baits-ACmerged_contig_2396,scaffold5,99.071,323,10001210,10001532,53633373,2.2e-163,580,40
Hannah_Begonia_baits-ACmerged_contig_2396,scaffold5,98.616,289,10001616,10001904,53633373,8.13e-143,512,40
Hannah_Begonia_baits-ACmerged_contig_2396,scaffold5,98.361,427,10002207,10002633,53633373,0.0,750,40
Hannah_Begonia_baits-ACmerged_contig_24224,scaffold1,97.26,73,8212828,8212756,84930515,4.5200000000000004e-26,124,41
Hannah_Begonia_baits-ACmerged_contig_24224,scaffold1,99.048,210,8213845,8213636,84930515,3.14e-102,377,41
Hannah_Begonia_baits-ACmerged_contig_24224,scaffold1,97.479,119,8213724,8213842,84930515,5.65e-50,204,41
Hannah_Begonia_baits-ACmerged_contig_24224,scaffold1,97.222,648,8214727,8214080,84930515,0.0,1085,41
Hannah_Begonia_baits-ACmerged_contig_24224,scaffold1,98.584,1130,8216862,8215733,84930515,0.0,1995,41
Hannah_Begonia_baits-ACmerged_contig_24274,scaffold3,97.108,415,1993353,1993766,55665139,0.0,699,42
Hannah_Begonia_baits-ACmerged_contig_24274,scaffold3,99.286,140,1993851,1993990,55665139,1.41e-65,254,42
Hannah_Begonia_baits-ACmerged_contig_24516,scaffold15,98.267,750,42144114,42143366,45110588,0.0,1308,43
Hannah_Begonia_baits-ACmerged_contig_24516,scaffold15,100.0,123,42144450,42144328,45110588,1.3e-57,228,43
Hannah_Begonia_baits-ACmerged_contig_2469,scaffold9,96.01,401,40082728,40082328,49791573,0.0,652,44
Hannah_Begonia_baits-ACmerged_contig_2469,scaffold9,96.601,353,40083200,40082848,49791573,7.22e-165,586,44
Hannah_Begonia_baits-ACmerged_contig_2469,scaffold9,95.108,511,40083784,40083274,49791573,0.0,806,44
Hannah_Begonia_baits-ACmerged_contig_2469,scaffold9,96.244,213,40084073,40083861,49791573,1.03e-93,350,44
Hannah_Begonia_baits-ACmerged_contig_2469,scaffold9,96.403,139,40084306,40084168,49791573,1.4e-57,230,44
Hannah_Begonia_baits-ACmerged_contig_2469,scaffold9,99.275,138,40084701,40084564,49791573,1.08e-63,250,44
Hannah_Begonia_baits-ACmerged_contig_2469,scaffold9,95.935,246,40085017,40084772,49791573,1.01e-108,399,44
Hannah_Begonia_baits-ACmerged_contig_2469,scaffold9,95.43,372,40106390,40106019,49791573,4.3100000000000004e-167,593,44
Hannah_Begonia_baits-ACmerged_contig_2469,scaffold9,98.026,152,40106625,40106474,49791573,3.839999999999999e-68,265,44
Hannah_Begonia_baits-ACmerged_contig_2469,scaffold9,95.789,95,40109056,40108962,49791573,8.68e-35,154,44
Hannah_Begonia_baits-ACmerged_contig_2469,scaffold9,96.429,140,40183575,40183436,49791573,3.9e-58,231,44
Hannah_Begonia_baits-ACmerged_contig_2469,scaffold9,98.684,152,40183810,40183659,49791573,8.26e-70,270,44
Hannah_Begonia_baits-ACmerged_contig_2469,scaffold9,97.895,95,40184211,40184117,49791573,4.01e-38,165,44
Hannah_Begonia_baits-ACmerged_contig_2469,scaffold9,98.005,401,40221698,40221298,49791573,0.0,697,44
Hannah_Begonia_baits-ACmerged_contig_2469,scaffold9,97.167,353,40222170,40221818,49791573,3.34e-168,597,44
Hannah_Begonia_baits-ACmerged_contig_2469,scaffold9,96.491,513,40222756,40222244,49791573,0.0,848,44
Hannah_Begonia_baits-ACmerged_contig_2469,scaffold9,97.196,214,40223044,40222831,49791573,4.76e-97,361,44
Hannah_Begonia_baits-ACmerged_contig_2469,scaffold9,98.473,131,40223277,40223147,49791573,3.9e-58,231,44
Hannah_Begonia_baits-ACmerged_contig_2469,scaffold9,99.291,141,40223656,40223516,49791573,8.32e-65,254,44
Hannah_Begonia_baits-ACmerged_contig_2469,scaffold9,98.858,613,40224337,40223725,49791573,0.0,1094,44
Hannah_Begonia_baits-ACmerged_contig_2469,scaffold9,99.333,150,40224570,40224421,49791573,8.26e-70,270,44
Hannah_Begonia_baits-ACmerged_contig_2469,scaffold9,97.143,70,40224728,40224659,49791573,3.17e-24,119,44
Hannah_Begonia_baits-ACmerged_contig_2469,scaffold9,98.387,124,40225006,40224883,49791573,3.03e-54,219,44
Hannah_Begonia_baits-ACmerged_contig_2469,scaffold9,98.837,86,40224921,40225006,49791573,8.68e-35,154,44
Hannah_Begonia_baits-ACmerged_contig_2469,scaffold9,97.537,203,40225101,40225303,49791573,1.03e-93,350,44
Hannah_Begonia_baits-ACmerged_contig_2469,scaffold9,96.129,155,40225458,40225612,49791573,8.32e-65,254,44
Hannah_Begonia_baits-ACmerged_contig_24719,scaffold6,98.276,1102,30099771,30098670,52559209,0.0,1927,45
Hannah_Begonia_baits-ACmerged_contig_24719,scaffold6,98.807,419,30100256,30099838,52559209,0.0,747,45
Hannah_Begonia_baits-ACmerged_contig_24719,scaffold6,98.947,380,30100705,30100326,52559209,0.0,680,45
Hannah_Begonia_baits-ACmerged_contig_24719,scaffold6,99.221,385,30101177,30100793,52559209,0.0,695,45
Hannah_Begonia_baits-ACmerged_contig_24719,scaffold6,98.851,435,30101702,30101268,52559209,0.0,776,45
Hannah_Begonia_baits-ACmerged_contig_24719,scaffold6,98.808,755,30102681,30101927,52559209,0.0,1345,45
Hannah_Begonia_baits-ACmerged_contig_2527,scaffold1,97.249,618,78976894,78977507,84930515,0.0,1044,46
Hannah_Begonia_baits-ACmerged_contig_2527,scaffold1,100.0,87,78977711,78977797,84930515,3.2600000000000003e-37,161,46
Hannah_Begonia_baits-ACmerged_contig_2527,scaffold1,99.123,114,78978806,78978919,84930515,1.48e-50,206,46
Hannah_Begonia_baits-ACmerged_contig_2527,scaffold1,97.037,135,78979031,78979165,84930515,3.17e-57,228,46
Hannah_Begonia_baits-ACmerged_contig_2527,scaffold1,98.837,86,78979272,78979357,84930515,5.450000000000001e-35,154,46
Hannah_Begonia_baits-ACmerged_contig_2527,scaffold1,97.59,83,78979711,78979793,84930515,1.18e-31,143,46
Hannah_Begonia_baits-ACmerged_contig_2527,scaffold1,98.785,247,78979955,78980201,84930515,3.74e-121,440,46
Hannah_Begonia_baits-ACmerged_contig_2527,scaffold1,99.18,244,78980304,78980547,84930515,3.74e-121,440,46
Hannah_Begonia_baits-ACmerged_contig_2527,scaffold1,97.701,87,78981185,78981271,84930515,7.05e-34,150,46
Hannah_Begonia_baits-ACmerged_contig_2527,scaffold1,98.883,179,78981396,78981574,84930515,5.0800000000000003e-85,320,46
Hannah_Begonia_baits-ACmerged_contig_2527,scaffold1,98.077,104,78982136,78982239,84930515,2.5e-43,182,46
Hannah_Begonia_baits-ACmerged_contig_31289,scaffold1,96.321,299,13046381,13046083,84930515,6.52e-137,492,47
Hannah_Begonia_baits-ACmerged_contig_31289,scaffold1,96.656,299,13113834,13113536,84930515,1.4e-138,497,47
Hannah_Begonia_baits-ACmerged_contig_31289,scaffold1,96.262,321,15971839,15972159,84930515,2.31e-146,523,47
Hannah_Begonia_baits-ACmerged_contig_31289,scaffold1,96.573,321,16178872,16179192,84930515,4.97e-148,529,47
Hannah_Begonia_baits-ACmerged_contig_31289,scaffold14,97.606,543,4387859,4387323,45922387,0.0,924,48
Hannah_Begonia_baits-ACmerged_contig_31289,scaffold7,97.01,301,44805980,44806280,52515067,2.33e-141,507,49
Hannah_Begonia_baits-ACmerged_contig_3299,scaffold1,97.516,161,83699517,83699357,84930515,6.050000000000001e-72,276,50
Hannah_Begonia_baits-ACmerged_contig_3299,scaffold1,98.571,280,83700537,83700258,84930515,4.26e-138,496,50
Hannah_Begonia_baits-ACmerged_contig_3299,scaffold1,96.371,248,83700915,83700668,84930515,2.06e-111,407,50
Hannah_Begonia_baits-ACmerged_contig_3299,scaffold1,95.192,104,83701444,83701341,84930515,4.91e-38,163,50
Hannah_Begonia_baits-ACmerged_contig_33065,scaffold7,100.0,79,2490734,2490812,52515067,4.2700000000000004e-33,147,51
Hannah_Begonia_baits-ACmerged_contig_33065,scaffold7,98.571,70,2490893,2490962,52515067,2e-26,124,51
Hannah_Begonia_baits-ACmerged_contig_33065,scaffold7,100.0,100,2491909,2492008,52515067,9.05e-45,185,51
Hannah_Begonia_baits-ACmerged_contig_33084,scaffold13,95.623,297,1598314,1598610,46025341,1.26e-130,470,52
Hannah_Begonia_baits-ACmerged_contig_33084,scaffold13,100.0,69,1598693,1598761,46025341,8.77e-28,128,52
Hannah_Begonia_baits-ACmerged_contig_33084,scaffold13,97.959,196,1598971,1598776,46025341,1.0299999999999999e-91,340,52
Hannah_Begonia_baits-ACmerged_contig_33084,scaffold14,96.923,65,28061466,28061402,45922387,3.18e-22,110,53
Hannah_Begonia_baits-ACmerged_contig_33084,scaffold3,97.101,69,17616242,17616310,55665139,1.8999999999999998e-24,117,54
Hannah_Begonia_baits-ACmerged_contig_3642,scaffold4,99.457,368,4642997,4642630,53895534,0.0,669,55
Hannah_Begonia_baits-ACmerged_contig_3642,scaffold4,98.63,730,4643862,4643133,53895534,0.0,1293,55
Hannah_Begonia_baits-ACmerged_contig_3744,scaffold1,96.154,130,70352707,70352580,84930515,2.07e-52,211,56
Hannah_Begonia_baits-ACmerged_contig_3744,scaffold1,98.261,1150,70352056,70353202,84930515,0.0,2010,56
Hannah_Begonia_baits-ACmerged_contig_3744,scaffold1,100.0,103,70353889,70353991,84930515,2.7e-46,191,56
Hannah_Begonia_baits-ACmerged_contig_38449,scaffold13,96.221,344,13891403,13891060,46025341,6.52e-159,564,57
Hannah_Begonia_baits-ACmerged_contig_38449,scaffold13,95.652,92,13891061,13891152,46025341,7.78e-34,148,57
Hannah_Begonia_baits-ACmerged_contig_38449,scaffold13,97.778,225,13891512,13891289,46025341,1.52e-105,387,57
Hannah_Begonia_baits-ACmerged_contig_4025,scaffold12,97.861,2525,39311684,39314207,46145620,0.0,4362,58
Hannah_Begonia_baits-ACmerged_contig_4025,scaffold12,98.168,819,39314812,39315630,46145620,0.0,1430,58
Hannah_Begonia_baits-ACmerged_contig_4025,scaffold12,97.993,299,39315744,39316042,46145620,9.25e-145,520,58
Hannah_Begonia_baits-ACmerged_contig_4025,scaffold12,98.234,453,39316185,39316636,46145620,0.0,791,58
Hannah_Begonia_baits-ACmerged_contig_4183,scaffold3,97.682,2243,1887506,1885264,55665139,0.0,3845,59
Hannah_Begonia_baits-ACmerged_contig_4183,scaffold3,97.059,170,1888040,1887872,55665139,2.16e-74,285,59
Hannah_Begonia_baits-ACmerged_contig_4253,scaffold2,95.935,123,7399218,7399096,56708189,4.92e-49,200,60
Hannah_Begonia_baits-ACmerged_contig_4253,scaffold2,97.366,1367,7397801,7399167,56708189,0.0,2324,60
Hannah_Begonia_baits-ACmerged_contig_4253,scaffold2,95.935,123,7468881,7468759,56708189,4.92e-49,200,60
Hannah_Begonia_baits-ACmerged_contig_4253,scaffold2,97.513,1367,7467464,7468830,56708189,0.0,2335,60
Hannah_Begonia_baits-ACmerged_contig_4264,scaffold1,97.674,86,71090906,71090821,84930515,3.03e-33,148,61
Hannah_Begonia_baits-ACmerged_contig_4264,scaffold1,98.416,442,71090879,71091320,84930515,0.0,778,61
Hannah_Begonia_baits-ACmerged_contig_4264,scaffold1,96.878,1922,71091780,71093689,84930515,0.0,3206,61
Hannah_Begonia_baits-ACmerged_contig_4264,scaffold1,97.674,86,71104037,71103952,84930515,3.03e-33,148,61
Hannah_Begonia_baits-ACmerged_contig_4264,scaffold1,98.416,442,71104010,71104451,84930515,0.0,778,61
Hannah_Begonia_baits-ACmerged_contig_4264,scaffold1,97.086,1922,71104912,71106826,84930515,0.0,3232,61
Hannah_Begonia_baits-ACmerged_contig_4264,scaffold1,97.674,86,71168110,71168025,84930515,3.03e-33,148,61
Hannah_Begonia_baits-ACmerged_contig_4264,scaffold1,98.416,442,71168083,71168524,84930515,0.0,778,61
Hannah_Begonia_baits-ACmerged_contig_4264,scaffold1,97.138,1922,71168984,71170899,84930515,0.0,3240,61
Hannah_Begonia_baits-ACmerged_contig_4489,scaffold7,97.688,346,48104264,48103919,52515067,7.55e-168,595,62
Hannah_Begonia_baits-ACmerged_contig_4489,scaffold7,99.419,172,48104522,48104351,52515067,8.51e-83,313,62
Hannah_Begonia_baits-ACmerged_contig_4489,scaffold7,98.836,687,48105287,48104601,52515067,0.0,1225,62
Hannah_Begonia_baits-ACmerged_contig_4489,scaffold7,97.341,677,48106183,48105507,52515067,0.0,1151,62
Hannah_Begonia_baits-ACmerged_contig_4489,scaffold7,97.688,346,48216775,48216430,52515067,7.55e-168,595,62
Hannah_Begonia_baits-ACmerged_contig_4489,scaffold7,98.837,172,48217034,48216863,52515067,3.96e-81,307,62
Hannah_Begonia_baits-ACmerged_contig_4489,scaffold7,98.256,688,48217795,48217113,52515067,0.0,1199,62
Hannah_Begonia_baits-ACmerged_contig_4489,scaffold7,97.932,677,48218691,48218015,52515067,0.0,1173,62
Hannah_Begonia_baits-ACmerged_contig_5171,scaffold8,98.462,65,2339381,2339317,51801790,5.7299999999999996e-24,115,63
Hannah_Begonia_baits-ACmerged_contig_5171,scaffold8,98.01,201,2339718,2339518,51801790,5.19e-94,348,63
Hannah_Begonia_baits-ACmerged_contig_5171,scaffold8,98.895,181,2340357,2340177,51801790,8.75e-87,324,63
Hannah_Begonia_baits-ACmerged_contig_5178,scaffold2,97.701,87,48903425,48903511,56708189,3.03e-34,150,64
Hannah_Begonia_baits-ACmerged_contig_5178,scaffold2,97.521,121,48903924,48903804,56708189,1.78e-51,207,64
Hannah_Begonia_baits-ACmerged_contig_5178,scaffold2,98.701,77,48903804,48903880,56708189,2.3599999999999998e-30,137,64
Hannah_Begonia_baits-ACmerged_contig_5178,scaffold2,98.214,112,48904124,48904013,56708189,3.84e-48,196,64
Hannah_Begonia_baits-ACmerged_contig_5189,scaffold7,98.507,201,52205716,52205916,52515067,2.0699999999999998e-95,355,65
Hannah_Begonia_baits-ACmerged_contig_5189,scaffold7,99.145,117,52213525,52213641,52515067,4.7399999999999995e-52,211,65
Hannah_Begonia_baits-ACmerged_contig_5189,scaffold7,99.216,255,52213855,52214109,52515067,4.26e-127,460,65
Hannah_Begonia_baits-ACmerged_contig_5189,scaffold7,97.917,144,52214387,52214529,52515067,3.6100000000000003e-63,248,65
Hannah_Begonia_baits-ACmerged_contig_5189,scaffold7,98.913,184,52214656,52214839,52515067,1.25e-87,329,65
Hannah_Begonia_baits-ACmerged_contig_5189,scaffold7,98.969,97,52214910,52215006,52515067,6.22e-41,174,65
Hannah_Begonia_baits-ACmerged_contig_5189,scaffold7,97.835,231,52215388,52215618,52515067,3.39e-108,398,65
Hannah_Begonia_baits-ACmerged_contig_5189,scaffold7,97.183,71,52215696,52215766,52515067,8.22e-25,121,65
Hannah_Begonia_baits-ACmerged_contig_5189,scaffold7,99.462,186,52215863,52216048,52515067,2.08e-90,339,65
Hannah_Begonia_baits-ACmerged_contig_5189,scaffold7,97.442,430,52216874,52217303,52515067,0.0,734,65
Hannah_Begonia_baits-ACmerged_contig_5189,scaffold7,100.0,191,52217578,52217768,52515067,7.44e-95,353,65
Hannah_Begonia_baits-ACmerged_contig_5189,scaffold7,99.515,206,52217849,52218054,52515067,1.59e-101,375,65
Hannah_Begonia_baits-ACmerged_contig_5529,scaffold11,99.078,434,13486979,13486546,46644841,0.0,780,66
Hannah_Begonia_baits-ACmerged_contig_5529,scaffold11,100.0,249,13487715,13487467,46644841,2.16e-127,460,66
Hannah_Begonia_baits-ACmerged_contig_5529,scaffold11,99.425,174,13489511,13489338,46644841,4.94e-84,316,66
Hannah_Begonia_baits-ACmerged_contig_5529,scaffold11,98.174,219,13489831,13489613,46644841,4.8099999999999994e-104,383,66
Hannah_Begonia_baits-ACmerged_contig_5529,scaffold11,99.315,146,13490079,13489934,46644841,1.82e-68,265,66
Hannah_Begonia_baits-ACmerged_contig_5875,scaffold5,98.401,1814,48415635,48417448,53633373,0.0,3190,67
Hannah_Begonia_baits-ACmerged_contig_5875,scaffold5,99.259,810,48417835,48418644,53633373,0.0,1463,67
Hannah_Begonia_baits-ACmerged_contig_5875,scaffold5,98.667,300,48419381,48419680,53633373,3.75e-148,531,67
Hannah_Begonia_baits-ACmerged_contig_5875,scaffold5,95.821,670,48419796,48420463,53633373,0.0,1077,67
Hannah_Begonia_baits-ACmerged_contig_5883,scaffold4,97.631,802,4655992,4656792,53895534,0.0,1375,68
Hannah_Begonia_baits-ACmerged_contig_5883,scaffold4,98.087,366,4657026,4657391,53895534,6.41e-180,636,68
Hannah_Begonia_baits-ACmerged_contig_5883,scaffold4,98.524,271,4657522,4657792,53895534,1.1400000000000001e-132,479,68
Hannah_Begonia_baits-ACmerged_contig_5883,scaffold4,98.526,475,4657874,4658347,53895534,0.0,837,68
Hannah_Begonia_baits-ACmerged_contig_5883,scaffold4,98.889,90,4658928,4659017,53895534,4.7e-37,161,68
Hannah_Begonia_baits-ACmerged_contig_5883,scaffold4,97.856,653,4660651,4661303,53895534,0.0,1129,68
Hannah_Begonia_baits-ACmerged_contig_6354,scaffold2,97.019,369,51801707,51802075,56708189,1.07e-175,621,69
Hannah_Begonia_baits-ACmerged_contig_6354,scaffold2,97.426,272,51802178,51802449,56708189,1.92e-128,464,69
Hannah_Begonia_baits-ACmerged_contig_6354,scaffold2,97.443,352,51803498,51803849,56708189,1.4e-169,601,69
Hannah_Begonia_baits-ACmerged_contig_6354,scaffold2,97.455,668,51804382,51805049,56708189,0.0,1140,69
Hannah_Begonia_baits-ACmerged_contig_6354,scaffold2,98.383,371,51808426,51808796,56708189,0.0,652,69
Hannah_Begonia_baits-ACmerged_contig_6354,scaffold2,98.529,272,51808898,51809169,56708189,1.9e-133,481,69
Hannah_Begonia_baits-ACmerged_contig_6354,scaffold2,96.875,352,51810324,51810675,56708189,3.0300000000000003e-166,590,69
Hannah_Begonia_baits-ACmerged_contig_6354,scaffold2,97.006,668,51811208,51811875,56708189,0.0,1123,69
Hannah_Begonia_baits-ACmerged_contig_6354,scaffold2,96.135,207,51836998,51837202,56708189,1.5699999999999999e-89,335,69
Hannah_Begonia_baits-ACmerged_contig_6354,scaffold2,97.006,668,51837762,51838429,56708189,0.0,1123,69
Hannah_Begonia_baits-ACmerged_contig_6354,scaffold2,96.765,371,51842121,51842491,56708189,3.86e-175,619,69
Hannah_Begonia_baits-ACmerged_contig_6354,scaffold2,98.529,272,51842593,51842864,56708189,1.9e-133,481,69
Hannah_Begonia_baits-ACmerged_contig_6354,scaffold2,96.875,352,51843957,51844308,56708189,3.0300000000000003e-166,590,69
Hannah_Begonia_baits-ACmerged_contig_6354,scaffold2,96.856,668,51844841,51845508,56708189,0.0,1118,69
Hannah_Begonia_baits-ACmerged_contig_6579,scaffold7,98.039,357,52057365,52057010,52515067,1.64e-175,619,70
Hannah_Begonia_baits-ACmerged_contig_6579,scaffold7,99.174,121,52057677,52057557,52515067,2.52e-54,217,70
Hannah_Begonia_baits-ACmerged_contig_6579,scaffold7,98.742,159,52057906,52057748,52515067,2.4499999999999997e-74,283,70
Hannah_Begonia_baits-ACmerged_contig_6579,scaffold7,98.75,160,52058229,52058070,52515067,6.81e-75,285,70
Hannah_Begonia_baits-ACmerged_contig_66,scaffold1,98.127,267,1326063,1326329,84930515,8.590000000000001e-129,466,71
Hannah_Begonia_baits-ACmerged_contig_66,scaffold1,96.875,96,1326401,1326496,84930515,4.54e-37,161,71
Hannah_Begonia_baits-ACmerged_contig_66,scaffold1,96.262,214,1326574,1326786,84930515,9.02e-94,350,71
Hannah_Begonia_baits-ACmerged_contig_66,scaffold1,100.0,69,1326881,1326949,84930515,4.6000000000000006e-27,128,71
Hannah_Begonia_baits-ACmerged_contig_66,scaffold1,98.592,71,1327036,1327106,84930515,1.6600000000000002e-26,126,71
Hannah_Begonia_baits-ACmerged_contig_66,scaffold1,100.0,69,1327195,1327263,84930515,4.6000000000000006e-27,128,71
Hannah_Begonia_baits-ACmerged_contig_66,scaffold1,95.475,221,1327355,1327575,84930515,2.51e-94,351,71
Hannah_Begonia_baits-ACmerged_contig_66,scaffold1,95.238,126,1329228,1329103,84930515,9.62e-49,200,71
Hannah_Begonia_baits-ACmerged_contig_66,scaffold1,95.528,1722,1327647,1329358,84930515,0.0,2732,71
Hannah_Begonia_baits-ACmerged_contig_6601,scaffold12,97.209,215,2342053,2342266,46145620,4.2e-98,363,72
Hannah_Begonia_baits-ACmerged_contig_6601,scaffold12,97.29,369,2342338,2342706,46145620,1.35e-177,627,72
Hannah_Begonia_baits-ACmerged_contig_6601,scaffold14,98.374,369,2208347,2207979,45922387,0.0,649,73
Hannah_Begonia_baits-ACmerged_contig_6601,scaffold14,95.349,215,2208649,2208435,45922387,5.47e-92,342,73
Hannah_Begonia_baits-ACmerged_contig_6601,scaffold14,96.129,155,35705617,35705463,45922387,2.63e-65,254,74
Hannah_Begonia_baits-ACmerged_contig_6601,scaffold2,96.186,236,44122006,44122239,56708189,3.2199999999999997e-104,383,75
Hannah_Begonia_baits-ACmerged_contig_6601,scaffold2,98.387,62,44122360,44122421,56708189,6.03e-22,110,75
Hannah_Begonia_baits-ACmerged_contig_6601,scaffold2,99.27,137,44122526,44122662,56708189,1.23e-63,248,75
Hannah_Begonia_baits-ACmerged_contig_6601,scaffold2,99.16,238,44123062,44123299,56708189,4.08e-118,429,75
Hannah_Begonia_baits-ACmerged_contig_6601,scaffold2,98.645,369,44123389,44123757,56708189,0.0,654,75
Hannah_Begonia_baits-ACmerged_contig_6601,scaffold7,98.03,203,39320918,39321120,52515067,2.5299999999999998e-95,353,76
Hannah_Begonia_baits-ACmerged_contig_6601,scaffold7,96.748,369,39321210,39321578,52515067,2.9199999999999998e-174,616,76
Hannah_Begonia_baits-ACmerged_contig_6601,scaffold7,98.103,369,46209974,46209606,52515067,0.0,643,76
Hannah_Begonia_baits-ACmerged_contig_6601,scaffold7,98.571,210,46210272,46210063,52515067,6.97e-101,372,76
Hannah_Begonia_baits-ACmerged_contig_6601,scaffold7,98.103,369,46348109,46347741,52515067,0.0,643,76
Hannah_Begonia_baits-ACmerged_contig_6601,scaffold7,98.571,210,46348406,46348197,52515067,6.97e-101,372,76
Hannah_Begonia_baits-ACmerged_contig_6601,scaffold7,98.571,210,50888575,50888784,52515067,6.97e-101,372,77
Hannah_Begonia_baits-ACmerged_contig_6601,scaffold7,97.019,369,50888872,50889240,52515067,6.2699999999999995e-176,621,77
Hannah_Begonia_baits-ACmerged_contig_6601,scaffold8,97.29,369,39213703,39213335,51801790,1.35e-177,627,78
Hannah_Begonia_baits-ACmerged_contig_6601,scaffold8,97.209,215,39214005,39213791,51801790,1.17e-98,364,78
Hannah_Begonia_baits-ACmerged_contig_6673,scaffold2,98.953,191,41664559,41664369,56708189,1.09e-91,342,79
Hannah_Begonia_baits-ACmerged_contig_6673,scaffold2,98.206,223,41665085,41664863,56708189,3.83e-106,390,79
Hannah_Begonia_baits-ACmerged_contig_6673,scaffold2,99.301,715,41666286,41665572,56708189,0.0,1293,79
Hannah_Begonia_baits-ACmerged_contig_6673,scaffold2,97.751,667,41667043,41666377,56708189,0.0,1149,79
Hannah_Begonia_baits-ACmerged_contig_6673,scaffold2,96.522,115,41667385,41667271,56708189,1.5e-45,189,79
Hannah_Begonia_baits-ACmerged_contig_694,scaffold12,97.539,447,5594123,5594569,46145620,0.0,765,80
Hannah_Begonia_baits-ACmerged_contig_694,scaffold12,98.718,312,5595083,5594772,46145620,1.01e-155,555,80
Hannah_Begonia_baits-ACmerged_contig_694,scaffold12,99.306,432,5594744,5595175,46145620,0.0,782,80
Hannah_Begonia_baits-ACmerged_contig_694,scaffold12,97.877,471,5595266,5595736,46145620,0.0,813,80
Hannah_Begonia_baits-ACmerged_contig_694,scaffold12,97.768,448,5768701,5769148,46145620,0.0,771,80
Hannah_Begonia_baits-ACmerged_contig_694,scaffold12,98.718,312,5769658,5769347,46145620,1.01e-155,555,80
Hannah_Begonia_baits-ACmerged_contig_694,scaffold12,99.074,432,5769319,5769750,46145620,0.0,776,80
Hannah_Begonia_baits-ACmerged_contig_694,scaffold12,98.089,471,5769841,5770310,46145620,0.0,817,80
Hannah_Begonia_baits-ACmerged_contig_7287,scaffold11,99.223,386,5971698,5972083,46644841,0.0,697,81
Hannah_Begonia_baits-ACmerged_contig_7287,scaffold11,98.367,245,5972218,5972462,46644841,9.67e-119,431,81
Hannah_Begonia_baits-ACmerged_contig_7287,scaffold11,98.222,225,5972578,5972802,46644841,1.27e-107,394,81
Hannah_Begonia_baits-ACmerged_contig_7408,scaffold1,97.727,132,73089573,73089704,84930515,1.44e-57,228,82
Hannah_Begonia_baits-ACmerged_contig_7408,scaffold1,98.039,102,73089855,73089956,84930515,1.47e-42,178,82
Hannah_Begonia_baits-ACmerged_contig_7596,scaffold4,97.007,568,52671041,52670474,53895534,0.0,955,83
Hannah_Begonia_baits-ACmerged_contig_7596,scaffold9,99.367,632,5399666,5400297,49791573,0.0,1146,84
Hannah_Begonia_baits-ACmerged_contig_7596,scaffold9,98.698,384,5400389,5400772,49791573,0.0,682,84
Hannah_Begonia_baits-ACmerged_contig_7904,Contig1453,99.565,230,113696,113925,149332,3.9999999999999998e-115,420,85
Hannah_Begonia_baits-ACmerged_contig_7904,scaffold11,97.778,540,46556543,46557082,46644841,0.0,931,86
Hannah_Begonia_baits-ACmerged_contig_7904,scaffold11,98.617,723,46557164,46557886,46644841,0.0,1280,86
Hannah_Begonia_baits-ACmerged_contig_7904,scaffold11,98.649,222,46557971,46558192,46644841,2.4300000000000002e-107,394,86
Hannah_Begonia_baits-ACmerged_contig_7904,scaffold6,97.802,91,13819941,13820031,52559209,1.2500000000000002e-35,156,87
Hannah_Begonia_baits-ACmerged_contig_806,scaffold6,98.438,64,7696992,7697055,52559209,1.48e-22,113,88
Hannah_Begonia_baits-ACmerged_contig_806,scaffold6,100.0,61,7698180,7698240,52559209,1.48e-22,113,88
Hannah_Begonia_baits-ACmerged_contig_806,scaffold6,98.125,160,7698313,7698470,52559209,4.960000000000001e-72,278,88
Hannah_Begonia_baits-ACmerged_contig_806,scaffold6,98.697,1919,7698470,7700387,52559209,0.0,3404,88
Hannah_Begonia_baits-ACmerged_contig_806,scaffold6,99.39,164,7700471,7700634,52559209,3.81e-78,298,88
Hannah_Begonia_baits-ACmerged_contig_806,scaffold6,98.324,179,7701170,7701348,52559209,3.78e-83,315,88
Hannah_Begonia_baits-ACmerged_contig_806,scaffold6,99.007,302,7701426,7701727,52559209,1.59e-151,542,88
Hannah_Begonia_baits-ACmerged_contig_806,scaffold6,97.431,506,7701800,7702303,52559209,0.0,859,88
Hannah_Begonia_baits-ACmerged_contig_806,scaffold6,96.491,114,7702333,7702445,52559209,8.6e-45,187,88
Hannah_Begonia_baits-ACmerged_contig_8701,scaffold1,98.129,2031,9101009,9103036,84930515,0.0,3531,89
Hannah_Begonia_baits-ACmerged_contig_8797,scaffold6,98.083,313,1184541,1184229,52559209,4.83e-153,545,90
Hannah_Begonia_baits-ACmerged_contig_8797,scaffold6,97.537,203,1184294,1184496,52559209,1.46e-93,348,90
Hannah_Begonia_baits-ACmerged_contig_8797,scaffold6,97.905,525,1185419,1184896,52559209,0.0,907,90
Hannah_Begonia_baits-ACmerged_contig_9152,scaffold6,95.908,1002,30652693,30651710,52559209,0.0,1605,91
Hannah_Begonia_baits-ACmerged_contig_9152,scaffold6,98.485,330,30653488,30653159,52559209,1.0000000000000001e-163,582,91
Hannah_Begonia_baits-ACmerged_contig_9152,scaffold6,95.804,1001,30803731,30802750,52559209,0.0,1598,91
Hannah_Begonia_baits-ACmerged_contig_9152,scaffold6,98.182,330,30804524,30804195,52559209,4.67e-162,577,91
Hannah_Begonia_baits-ACmerged_contig_9415,scaffold1,100.0,60,1565282,1565223,84930515,2.35e-22,111,92
Hannah_Begonia_baits-ACmerged_contig_9415,scaffold4,98.37,675,5797214,5797888,53895534,0.0,1186,93
Hannah_Begonia_baits-ACmerged_contig_9838,scaffold1,96.575,292,1119751,1120040,84930515,2.46e-133,481,94
Hannah_Begonia_baits-ACmerged_contig_9838,scaffold1,98.561,139,1120160,1120298,84930515,9.76e-63,246,94
Hannah_Begonia_baits-ACmerged_contig_9838,scaffold1,99.296,284,1120378,1120661,84930515,2.42e-143,514,94
Hannah_Begonia_baits-ACmerged_contig_9838,scaffold1,98.039,153,1120793,1120945,84930515,7.49e-69,267,94
Hannah_Begonia_baits-ACmerged_contig_9838,scaffold1,96.262,107,1121178,1121284,84930515,1.3e-41,176,94
Hannah_Begonia_baits-ACmerged_contig_9838,scaffold1,96.552,261,1121382,1121642,84930515,6.98e-119,433,94
Hannah_Begonia_baits-ACmerged_contig_9838,scaffold1,99.18,122,1121862,1121983,84930515,5.9199999999999996e-55,220,94
Hannah_Begonia_baits-ACmerged_contig_9838,scaffold1,99.248,133,1122077,1122209,84930515,4.54e-61,241,94
Hannah_Begonia_baits-ACmerged_contig_9838,scaffold1,98.684,76,1122280,1122355,84930515,2.2000000000000002e-29,135,94
Hannah_Begonia_baits-ACmerged_contig_9838,scaffold1,96.429,364,1122579,1122942,84930515,8.409999999999999e-168,595,94
Hannah_Begonia_baits-ACmerged_contig_9838,scaffold1,95.475,221,1123035,1123252,84930515,2.6e-93,348,94
Hannah_Begonia_baits-ACmerged_contig_9838,scaffold1,98.701,77,1123700,1123776,84930515,6.13e-30,137,94
Hannah_Begonia_baits-ACmerged_contig_9838,scaffold1,98.571,140,1123869,1124008,84930515,2.71e-63,248,94
Hannah_Begonia_baits-ACmerged_contig_9838,scaffold1,99.187,123,1124009,1124131,84930515,1.65e-55,222,94
Hannah_Begonia_baits-ACmerged_contig_9906,scaffold3,96.649,567,4688727,4689285,55665139,0.0,933,95
Hannah_Begonia_baits-ACmerged_contig_9906,scaffold3,98.438,64,4689478,4689541,55665139,1.2500000000000001e-22,113,95
Hannah_Begonia_baits-ACmerged_contig_9906,scaffold3,98.964,193,4689973,4690165,55665139,1.13e-92,346,95
Hannah_Begonia_baits-ACmerged_contig_9906,scaffold3,100.0,87,4690266,4690352,55665139,4.3800000000000005e-37,161,95
Hannah_Begonia_baits-ACmerged_contig_9906,scaffold3,98.462,195,4690447,4690641,55665139,4.06e-92,344,95
Hannah_Begonia_baits-ACmerged_contig_9906,scaffold3,99.057,212,4690750,4690961,55665139,3.09e-103,381,95
Hannah_Begonia_baits-ACmerged_contig_9906,scaffold3,100.0,164,4691057,4691220,55665139,6.88e-80,303,95
Hannah_Begonia_baits-ACmerged_contig_9906,scaffold3,100.0,155,4691776,4691930,55665139,6.93e-75,287,95
Hannah_Begonia_baits-ACmerged_contig_9906,scaffold3,98.089,157,4692001,4692156,55665139,1.94e-70,272,95
Hannah_Begonia_baits-ACmerged_contig_9906,scaffold3,98.165,109,4692267,4692375,55665139,5.5899999999999996e-46,191,95
Hannah_Begonia_baits-ACmerged_contig_9906,scaffold3,100.0,112,4693125,4693236,55665139,5.55e-51,207,95
Hannah_Begonia_baits-ACmerged_contig_9906,scaffold3,96.479,142,4693388,4693528,55665139,9.16e-59,233,95
Hannah_Begonia_baits-ACmerged_contig_9906,scaffold3,99.425,174,4694958,4695131,55665139,8.84e-84,316,95
Hannah_Begonia_baits-ACmerged_contig_9906,scaffold3,96.639,119,4695215,4695333,55665139,1.2e-47,196,95
Hannah_Begonia_baits-ACmerged_contig_9906,scaffold3,97.297,111,4695938,4696048,55665139,2.01e-45,189,95
Hannah_Begonia_baits-ACmerged_contig_9906,scaffold3,99.194,124,4696119,4696242,55665139,5.51e-56,224,95
Hannah_Begonia_baits-ACmerged_contig_9906,scaffold3,99.123,114,4705274,4705387,55665139,2e-50,206,95
Hannah_Begonia_baits-Becon104Scf00144g0005.1,scaffold3,95.238,105,6041196,6041300,55665139,1.2700000000000001e-37,163,96
Hannah_Begonia_baits-Becon104Scf00144g0005.1,scaffold3,100.0,218,6041668,6041885,55665139,6.9e-110,403,96
Hannah_Begonia_baits-Becon104Scf00144g0005.1,scaffold3,95.763,118,6041996,6042113,55665139,5.85e-46,191,96
Hannah_Begonia_baits-Becon104Scf00144g0005.1,scaffold3,97.906,191,6042419,6042609,55665139,3.3e-88,331,96
Hannah_Begonia_baits-Becon104Scf00144g0005.1,scaffold3,95.937,443,6042692,6043134,55665139,0.0,719,96
Hannah_Begonia_baits-Becon104Scf00144g0005.1,scaffold3,99.0,100,6043220,6043319,55665139,1.2699999999999999e-42,180,96
Hannah_Begonia_baits-Becon104Scf00144g0005.1,scaffold3,96.703,273,6044473,6044745,55665139,1.88e-125,455,96
Hannah_Begonia_baits-Becon104Scf00144g0005.1,scaffold3,96.939,98,6044829,6044926,55665139,3.54e-38,165,96
